h,L2u,Ordem_L2u,H1u,Ordem_H1u,L2p,Ordem_L2p,H1p,Ordem_H1p,L2T,Ordem_L2T,H1T,Ordem_H1T
0.125,0.0162289,NaN,0.523644,NaN,52633.7,NaN,1.45958e+06,NaN,6.57554e-05,NaN,0.000693505,NaN
0.0625,0.00245507,2.72473,0.14812,1.82182,15413.1,1.77183,854419,0.772534,1.66199e-05,1.98419,0.000166371,2.0595
0.03125,0.000421447,2.54234,0.0417371,1.82736,4150.41,1.89283,460097,0.893004,4.16411e-06,1.99684,4.11867e-05,2.01415
0.015625,0.00011012,1.93628,0.0219889,0.924552,1075.71,1.94797,238489,0.948016,1.05284e-06,1.98372,1.03038e-05,1.999
0.0078125,2.89897e-05,1.92546,0.00957482,1.19946,273.758,1.97431,121386,0.974321,3.04826e-07,1.78823,2.68642e-06,1.93943
