h,L2u,Ordem_L2u,H1u,Ordem_H1u,L2p,Ordem_L2p,H1p,Ordem_H1p,L2T,Ordem_L2T,H1T,Ordem_H1T
0.125,16.1781,0,424.233,0,18728.5,0,652200,0,0.218374,0,5.08184,0
0.0625,21.5281,-0.412183,1188.61,-1.48635,19071.6,-0.0261921,1.36254e+06,-1.06292,0.139904,0.642364,6.39147,-0.330797
0.03125,902.757,-5.39004,103953,-6.45051,2.45631e+06,-7.00893,2.75589e+08,-7.66007,0.153532,-0.134104,3.89309,0.715233
0.015625,444.018,1.02372,119233,-0.197861,433249,2.50323,1.1174e+08,1.30237,0.233123,-0.60255,3.77332,0.0450805
0.0078125,2532.27,-2.51174,1.3081e+06,-3.45561,1.56789e+07,-5.17749,4.55453e+09,-5.34908,0.23061,0.0156348,4.37637,-0.213898
