h,L2u,Ordem_L2u,H1u,Ordem_H1u,L2p,Ordem_L2p,H1p,Ordem_H1p,L2T,Ordem_L2T,H1T,Ordem_H1T
0.125,100.859,NaN,2507.01,NaN,139096,NaN,5.17785e+06,NaN,0.489293,NaN,2.2547,NaN
0.0625,1.82523,5.78811,115.474,4.44033,651.804,7.73743,50178.1,6.68915,0.497263,-0.02331,2.27087,-0.0103052
0.03125,0.0767808,4.57119,0.796728,7.17927,2.31551,8.13697,14.9262,11.715,0.499309,-0.00592388,2.27539,-0.00287187
