h,L2u,Ordem_L2u,H1u,Ordem_H1u,L2p,Ordem_L2p,H1p,Ordem_H1p
0.0625,0.301081,NaN,4.0683,NaN,1.02046,NaN,5.38359,NaN
0.03125,0.299563,0.00729236,4.43387,-0.124139,1.02972,-0.0130352,6.60665,-0.295349
0.015625,0.300514,-0.00457635,4.79861,-0.11405,1.03499,-0.00736575,17.0947,-1.37155
