h,L2u,Ordem_L2u,H1u,Ordem_H1u,L2p,Ordem_L2p,H1p,Ordem_H1p,L2T,Ordem_L2T,H1T,Ordem_H1T
0.125,0.263006,NaN,2.4999,NaN,0.0672172,NaN,1.93336,NaN,0.0463111,NaN,0.310837,NaN
0.0625,0.254411,0.0479341,2.96854,-0.247885,0.0536688,0.324747,1.36694,0.50016,0.0483324,-0.0616315,0.268693,0.210198
0.03125,0.255255,-0.00477614,3.41838,-0.203561,0.0662774,-0.304433,3.69295,-1.43382,0.0493991,-0.0314956,0.277516,-0.0466133
